src_ip,dst_ip,duration,src_bytes,dst_bytes,missed_bytes,src_pkts,src_ip_bytes,dst_pkts,dst_ip_bytes,http_response_body_len
192.168.29.71,192.168.29.172,20.854397,28501374,0,0,163801,22932140,0,0,0
192.168.29.172,224.0.0.251,19.754131,2701,0,0,8,2429,0,0,0
192.168.29.172,224.0.0.22,0.000000,86,0,0,1,48,0,0,0
192.168.29.172,255.255.255.255,5.019709,153,0,0,2,85,0,0,0
192.168.29.172,224.0.0.250,0.000000,93,0,0,1,59,0,0,0
