src_ip,dst_ip,duration,src_bytes,dst_bytes,missed_bytes,src_pkts,src_ip_bytes,dst_pkts,dst_ip_bytes,http_response_body_len
192.168.29.71,192.168.29.172,34.474761,666,0,0,9,360,0,0,0
192.168.29.172,224.0.0.22,32.284257,172,0,0,2,96,0,0,0
192.168.29.172,224.0.0.251,17.817609,4988,0,0,12,4580,0,0,0
192.168.29.172,255.255.255.255,5.014116,153,0,0,2,85,0,0,0
192.168.29.172,224.0.0.250,0.000000,93,0,0,1,59,0,0,0
