src_ip,dst_ip,duration,src_bytes,dst_bytes,missed_bytes,src_pkts,src_ip_bytes,dst_pkts,dst_ip_bytes,http_response_body_len
192.168.29.71,192.168.29.172,42.257143,116000,0,0,2000,48000,0,0,0
192.168.29.172,224.0.0.22,38.066759,258,0,0,3,144,0,0,0
192.168.29.172,224.0.0.251,0.999960,972,0,0,2,904,0,0,0
192.168.29.172,255.255.255.255,0.000000,82,0,0,1,48,0,0,0
